booking_id,user_id,psychologist_id,psychologist_name,clinic_address,distance_km,booking_date,consultation_type,status,created_at
ac160e31-0499-47d3-868c-8cb2b7701a83,5,5,Nicolai Kaul,"9, boulevard Ramos
09803 Lebreton-sur-Mer",4.420762832470194,2026-03-05 10:03:56,in_person,pending,2026-02-21 20:38:05.218931
4a6de87f-6f5c-4a24-b46f-9faf47abadfc,5,10,Luc Guibert,"037 Stanley Crossroad Suite 005
Johnstad, AS 98984",11.864459600080101,2026-03-03 20:01:44,video,confirmed,2026-02-21 20:38:05.218931
d330bfd7-a6a7-47a4-97f9-0c86fba1e3e0,7,5,Nicolai Kaul,"9, boulevard Ramos
09803 Lebreton-sur-Mer",4.121518807378434,2026-02-24 14:38:36,in_person,pending,2026-02-21 20:38:05.218931
2c2d8827-b495-40c2-9504-2dae2beb8b1b,7,8,Gabriel Dias,浙江省红县西峰六盘水街D座 674223,11.0685500804179,2026-02-28 17:27:30,video,completed,2026-02-21 20:38:05.218931
65b6cdc6-5df1-4949-814a-cb596006f9e2,7,2,Sandra Hood,"7/3 कम्बोज जोशी
अजमेर 353530",2.1670026830602853,2026-02-28 06:39:29,video,completed,2026-02-21 20:38:05.218931
1f576e56-88a8-4409-8164-dbab0ba0de8b,9,10,Luc Guibert,"037 Stanley Crossroad Suite 005
Johnstad, AS 98984",8.29673039869077,2026-03-16 04:41:02,video,confirmed,2026-02-21 20:38:05.218931
d7ee1f2a-4bf3-4668-887b-8bbddeccccd6,9,4,周亮,"39, chemin de Perrier
94753 Giraud-sur-Mer",2.6518963556181347,2026-03-14 20:04:29,in_person,completed,2026-02-21 20:38:05.219933
bf4ba399-827f-4f45-a263-c27fc1b9f741,15,1,हर्शल भटजी,"4 मधु महरा
जिलोंपर 401538",10.197495209028517,2026-03-20 11:44:21,in_person,pending,2026-02-21 20:38:05.219933
291f837e-aac8-4900-b251-a4467eda8954,15,9,Reimar Ruppersberger-Mielcarek,"6, boulevard Jacquet
97196 Leroux",1.1772197786022933,2026-03-04 20:27:20,in_person,pending,2026-02-21 20:38:05.219933
bed51c2a-b801-4fc3-a1a6-4ccd5fb90742,15,2,Sandra Hood,"7/3 कम्बोज जोशी
अजमेर 353530",13.332044955477992,2026-03-03 17:38:38,in_person,completed,2026-02-21 20:38:05.219933
71d36659-7285-461b-b5eb-6e81a1d47a56,19,1,हर्शल भटजी,"4 मधु महरा
जिलोंपर 401538",13.53138723287492,2026-02-24 03:15:36,video,confirmed,2026-02-21 20:38:05.219933
7a926e14-6b55-40f1-a002-018361484c69,19,6,Jenny Rovira Ferrando,"Heinz-Dieter-Dussen van-Ring 885
73852 München",4.270917737386817,2026-03-19 22:52:19,in_person,confirmed,2026-02-21 20:38:05.219933
e3e3d2fc-21dc-489d-a66d-c0ac20b87fe1,21,6,Jenny Rovira Ferrando,"Heinz-Dieter-Dussen van-Ring 885
73852 München",5.14281023902521,2026-03-06 09:25:47,in_person,pending,2026-02-21 20:38:05.219933
98b48ff3-86aa-40f7-8bc4-4f6623aaf193,21,3,Allen Rodriguez,"164 अहलूवालिया
मोतिहारी-192955",13.943954489862309,2026-03-19 18:13:28,video,pending,2026-02-21 20:38:05.220935
3b03a4c8-9d71-4935-b90a-e23ae662ea93,24,7,Marco Santos Guardiola Zabaleta,"Plaza de Macario Sanz 29 Piso 3 
Soria, 46410",11.375945228599097,2026-03-18 22:27:39,in_person,confirmed,2026-02-21 20:38:05.221193
58563db0-dedf-4baf-af93-b484a704c437,25,7,Marco Santos Guardiola Zabaleta,"Plaza de Macario Sanz 29 Piso 3 
Soria, 46410",4.256270612537295,2026-03-10 11:39:00,video,pending,2026-02-21 20:38:05.221307
c7a40dab-cec5-467b-b20a-dfe605ea47a1,25,9,Reimar Ruppersberger-Mielcarek,"6, boulevard Jacquet
97196 Leroux",6.2981927815647225,2026-03-12 12:17:45,video,pending,2026-02-21 20:38:05.221307
127e8aac-4aa5-483c-8236-78a7c82b979b,25,5,Nicolai Kaul,"9, boulevard Ramos
09803 Lebreton-sur-Mer",14.42234783257929,2026-03-06 08:02:57,in_person,pending,2026-02-21 20:38:05.221307
973cc02c-bf77-4228-a6c4-d831509466d0,32,7,Marco Santos Guardiola Zabaleta,"Plaza de Macario Sanz 29 Piso 3 
Soria, 46410",11.114560551093776,2026-02-24 17:33:57,video,pending,2026-02-21 20:38:05.221307
47bdb224-3109-431f-bb92-84af2d2e87a2,32,1,हर्शल भटजी,"4 मधु महरा
जिलोंपर 401538",5.453528465145965,2026-03-11 08:26:27,video,completed,2026-02-21 20:38:05.221307
b846099d-863c-4e96-8885-a85fa86281b8,33,4,周亮,"39, chemin de Perrier
94753 Giraud-sur-Mer",5.757191201712285,2026-03-15 20:53:34,video,pending,2026-02-21 20:38:05.221958
c9523062-3210-4f8d-844f-18145e6acc48,33,1,हर्शल भटजी,"4 मधु महरा
जिलोंपर 401538",2.3496510679043263,2026-03-07 06:04:04,video,pending,2026-02-21 20:38:05.221958
ab503985-96ed-471c-82be-79ac50c3fbba,36,8,Gabriel Dias,浙江省红县西峰六盘水街D座 674223,12.485953737572508,2026-03-03 02:51:12,in_person,completed,2026-02-21 20:38:05.221958
d2a89153-9e86-495e-8f63-d67e4e387b2d,38,2,Sandra Hood,"7/3 कम्बोज जोशी
अजमेर 353530",12.736393721556329,2026-03-06 01:05:22,in_person,pending,2026-02-21 20:38:05.221958
36588d99-9349-4508-97ab-5d711d362a94,38,3,Allen Rodriguez,"164 अहलूवालिया
मोतिहारी-192955",1.9736962932735476,2026-03-04 23:03:40,video,completed,2026-02-21 20:38:05.221958
3e4db91c-c1e6-4bbb-b42d-06e76ed58fdf,45,7,Marco Santos Guardiola Zabaleta,"Plaza de Macario Sanz 29 Piso 3 
Soria, 46410",4.495414414566725,2026-03-16 13:10:50,video,pending,2026-02-21 20:38:05.221958
1317afd4-d4b6-4dd9-8a75-dd6965f81221,45,8,Gabriel Dias,浙江省红县西峰六盘水街D座 674223,13.878094557807886,2026-03-03 21:13:55,video,confirmed,2026-02-21 20:38:05.221958
c8530064-207a-4790-8b3e-79940b72d805,53,9,Reimar Ruppersberger-Mielcarek,"6, boulevard Jacquet
97196 Leroux",12.246261110402704,2026-02-24 15:25:55,in_person,pending,2026-02-21 20:38:05.221958
4df93bb0-ff7f-41ab-a809-d760ce361191,53,3,Allen Rodriguez,"164 अहलूवालिया
मोतिहारी-192955",1.5925280079390802,2026-03-06 20:32:03,in_person,confirmed,2026-02-21 20:38:05.221958
23609dfc-40fd-4c04-b171-393a2e6fa4ea,53,6,Jenny Rovira Ferrando,"Heinz-Dieter-Dussen van-Ring 885
73852 München",4.891993285845057,2026-03-03 15:57:16,video,pending,2026-02-21 20:38:05.221958
3a1d83ea-8811-4297-a3cc-69f1a4bfbd05,54,3,Allen Rodriguez,"164 अहलूवालिया
मोतिहारी-192955",3.0704015424524442,2026-03-22 00:32:47,video,pending,2026-02-21 20:38:05.221958
7b2fab36-1711-4cdf-870d-d71cdb052f9e,54,1,हर्शल भटजी,"4 मधु महरा
जिलोंपर 401538",14.606507693161499,2026-03-21 12:17:39,in_person,confirmed,2026-02-21 20:38:05.221958
32871658-8522-4e27-95c6-7a1707554293,54,1,हर्शल भटजी,"4 मधु महरा
जिलोंपर 401538",3.5479913894574144,2026-03-17 11:30:28,video,pending,2026-02-21 20:38:05.221958
2c1ba6a9-08c2-4135-917d-e01dfdcdab2a,58,9,Reimar Ruppersberger-Mielcarek,"6, boulevard Jacquet
97196 Leroux",14.978038649541315,2026-03-22 14:12:56,in_person,pending,2026-02-21 20:38:05.221958
eedc6ac8-d553-4523-adce-1af39ac1301a,58,7,Marco Santos Guardiola Zabaleta,"Plaza de Macario Sanz 29 Piso 3 
Soria, 46410",13.653387268553248,2026-03-13 17:18:09,video,completed,2026-02-21 20:38:05.221958
5f435f4e-c201-48b5-8160-a9f98331d11c,58,4,周亮,"39, chemin de Perrier
94753 Giraud-sur-Mer",7.658259010020525,2026-02-27 10:42:03,video,pending,2026-02-21 20:38:05.221958
7c6a479d-3c2e-42cc-82d4-e842dfc39bd8,60,10,Luc Guibert,"037 Stanley Crossroad Suite 005
Johnstad, AS 98984",2.6815612077061597,2026-03-07 22:31:36,video,pending,2026-02-21 20:38:05.221958
ee8d5045-fc23-4262-bc2b-4dea221c581e,60,4,周亮,"39, chemin de Perrier
94753 Giraud-sur-Mer",3.452599468835946,2026-03-17 21:11:03,video,completed,2026-02-21 20:38:05.221958
8bd347fb-627d-4978-9b32-5dae71219f88,63,2,Sandra Hood,"7/3 कम्बोज जोशी
अजमेर 353530",3.6171210310025197,2026-03-21 19:22:13,video,pending,2026-02-21 20:38:05.221958
ef940b57-1db0-4e4a-8d57-d7982be59eb8,63,10,Luc Guibert,"037 Stanley Crossroad Suite 005
Johnstad, AS 98984",11.668981596504844,2026-03-22 04:26:35,video,confirmed,2026-02-21 20:38:05.221958
0e506770-4fe6-44d6-bb05-fbe3aa726eb5,63,7,Marco Santos Guardiola Zabaleta,"Plaza de Macario Sanz 29 Piso 3 
Soria, 46410",10.662161228953556,2026-03-23 16:44:14,video,completed,2026-02-21 20:38:05.221958
bf7d716c-41d7-46d1-ac29-d2a1a14fd440,65,9,Reimar Ruppersberger-Mielcarek,"6, boulevard Jacquet
97196 Leroux",0.7102984470952809,2026-03-04 00:51:16,in_person,pending,2026-02-21 20:38:05.221958
b3644c90-25a2-487a-8781-2eefd567a7dc,67,5,Nicolai Kaul,"9, boulevard Ramos
09803 Lebreton-sur-Mer",11.51609284051321,2026-03-19 19:58:07,in_person,completed,2026-02-21 20:38:05.221958
79f13b10-6d9f-4f08-bf8b-b00f8df21874,67,10,Luc Guibert,"037 Stanley Crossroad Suite 005
Johnstad, AS 98984",14.497353277356986,2026-03-08 18:06:50,video,confirmed,2026-02-21 20:38:05.221958
f152a504-6d10-4eb3-af95-936cf67e35a7,72,2,Sandra Hood,"7/3 कम्बोज जोशी
अजमेर 353530",2.0338316892077435,2026-03-04 02:58:11,video,confirmed,2026-02-21 20:38:05.221958
810952e8-dd05-46d4-b7e2-b676da112089,72,6,Jenny Rovira Ferrando,"Heinz-Dieter-Dussen van-Ring 885
73852 München",2.456037892103188,2026-03-19 18:57:30,video,confirmed,2026-02-21 20:38:05.221958
948eb2dc-d3ab-48f8-870f-bdef1d9d9b76,72,8,Gabriel Dias,浙江省红县西峰六盘水街D座 674223,1.559597849380623,2026-03-15 14:39:42,video,pending,2026-02-21 20:38:05.221958
64a331e5-e1c0-427a-a064-43de978c5022,74,10,Luc Guibert,"037 Stanley Crossroad Suite 005
Johnstad, AS 98984",1.2162085897855863,2026-03-11 00:17:59,video,confirmed,2026-02-21 20:38:05.221958
83a51ee6-939d-4678-b50b-0f76d3f8eece,74,6,Jenny Rovira Ferrando,"Heinz-Dieter-Dussen van-Ring 885
73852 München",0.6650098254592838,2026-02-28 19:20:12,in_person,confirmed,2026-02-21 20:38:05.221958
a9b12b69-33a3-401e-bbbb-4e71cad43f17,82,1,हर्शल भटजी,"4 मधु महरा
जिलोंपर 401538",10.130752294784964,2026-03-06 19:52:22,video,completed,2026-02-21 20:38:05.221958
e93fd92f-584c-400d-82de-dea2ccafb2bd,83,5,Nicolai Kaul,"9, boulevard Ramos
09803 Lebreton-sur-Mer",7.023892284297057,2026-02-25 13:13:51,in_person,pending,2026-02-21 20:38:05.221958
196f3c78-cb06-44bd-8185-603adaa77cc7,95,1,हर्शल भटजी,"4 मधु महरा
जिलोंपर 401538",9.943118456631112,2026-03-21 07:11:21,in_person,confirmed,2026-02-21 20:38:05.221958
cf630870-d30e-4e45-95ba-25c9ec8ea3e4,107,5,Nicolai Kaul,"9, boulevard Ramos
09803 Lebreton-sur-Mer",5.930056001718842,2026-03-15 23:20:58,video,completed,2026-02-21 20:38:05.221958
db015550-0224-4017-9cb9-7469be56e6f0,109,4,周亮,"39, chemin de Perrier
94753 Giraud-sur-Mer",3.475861308164684,2026-03-12 00:50:35,video,confirmed,2026-02-21 20:38:05.221958
4c13b789-58b9-4f3e-8e53-c8adf8056b3c,109,2,Sandra Hood,"7/3 कम्बोज जोशी
अजमेर 353530",11.533458198238673,2026-03-07 11:39:26,video,pending,2026-02-21 20:38:05.221958
d3c6b3d3-5a73-449d-b230-9eb8c802e9e8,110,2,Sandra Hood,"7/3 कम्बोज जोशी
अजमेर 353530",6.405506670533104,2026-03-19 00:31:58,video,pending,2026-02-21 20:38:05.221958
17016848-3102-4321-91b0-f6d6663341d3,110,8,Gabriel Dias,浙江省红县西峰六盘水街D座 674223,0.6809952986924713,2026-02-25 21:36:13,video,pending,2026-02-21 20:38:05.221958
10aed1fe-90a6-4db4-b754-0bfd24e950ce,110,6,Jenny Rovira Ferrando,"Heinz-Dieter-Dussen van-Ring 885
73852 München",11.655950894925041,2026-02-25 10:10:43,video,completed,2026-02-21 20:38:05.221958
7711e37c-d279-4e11-b718-b265f49e6331,111,3,Allen Rodriguez,"164 अहलूवालिया
मोतिहारी-192955",10.469673046599192,2026-02-25 21:00:01,video,completed,2026-02-21 20:38:05.221958
8784315f-a515-4341-a89c-9c8a02d881ac,111,1,हर्शल भटजी,"4 मधु महरा
जिलोंपर 401538",2.574688103777435,2026-03-18 10:35:40,video,confirmed,2026-02-21 20:38:05.221958
23c46335-671c-4335-a0ec-04751db7228f,111,4,周亮,"39, chemin de Perrier
94753 Giraud-sur-Mer",7.690594077077856,2026-02-25 08:17:40,video,pending,2026-02-21 20:38:05.221958
7318dd8a-e0ec-4f8b-93a5-f801ca2cff8b,116,7,Marco Santos Guardiola Zabaleta,"Plaza de Macario Sanz 29 Piso 3 
Soria, 46410",5.027176358281015,2026-03-08 09:10:25,video,confirmed,2026-02-21 20:38:05.221958
e0a579a7-6a5c-411f-979c-24314753897b,116,6,Jenny Rovira Ferrando,"Heinz-Dieter-Dussen van-Ring 885
73852 München",8.464165727014485,2026-03-21 23:02:19,video,completed,2026-02-21 20:38:05.221958
92988706-c6e8-492c-bd77-c3b8a471329e,116,2,Sandra Hood,"7/3 कम्बोज जोशी
अजमेर 353530",10.681212177931542,2026-03-08 13:36:35,in_person,confirmed,2026-02-21 20:38:05.221958
0e7229da-5dcc-4acf-a766-b25b368112fc,119,1,हर्शल भटजी,"4 मधु महरा
जिलोंपर 401538",4.438043597422721,2026-02-26 21:05:31,video,completed,2026-02-21 20:38:05.221958
9d53251b-07ff-443a-bc3f-a262830ca779,120,8,Gabriel Dias,浙江省红县西峰六盘水街D座 674223,12.879002369956337,2026-03-07 02:33:16,in_person,completed,2026-02-21 20:38:05.221958
751eee1a-38e2-4b3f-b6b1-685cd0525b14,120,7,Marco Santos Guardiola Zabaleta,"Plaza de Macario Sanz 29 Piso 3 
Soria, 46410",5.8413944309586565,2026-02-24 19:43:59,video,confirmed,2026-02-21 20:38:05.221958
84ac9612-b265-43f1-bef3-eccc76b89655,120,6,Jenny Rovira Ferrando,"Heinz-Dieter-Dussen van-Ring 885
73852 München",10.472487379220004,2026-03-22 12:10:19,video,confirmed,2026-02-21 20:38:05.221958
32acf892-cfb2-41ac-91b9-912453b2c70a,122,10,Luc Guibert,"037 Stanley Crossroad Suite 005
Johnstad, AS 98984",3.9147383537293523,2026-03-19 07:21:34,video,pending,2026-02-21 20:38:05.221958
48b94605-3f76-41a3-8b3e-43d1f71666bc,122,4,周亮,"39, chemin de Perrier
94753 Giraud-sur-Mer",13.356082889840737,2026-03-17 21:55:58,in_person,pending,2026-02-21 20:38:05.221958
b304efdd-2498-4ec2-9639-e4ca20b08892,122,10,Luc Guibert,"037 Stanley Crossroad Suite 005
Johnstad, AS 98984",6.583222651232391,2026-03-05 08:51:18,in_person,pending,2026-02-21 20:38:05.221958
755be532-255a-4c7a-8f58-18bb86e4ef00,125,8,Gabriel Dias,浙江省红县西峰六盘水街D座 674223,7.544826273555072,2026-03-22 04:46:03,video,pending,2026-02-21 20:38:05.221958
c36c03d7-728a-4657-815a-602c918b5fe4,125,2,Sandra Hood,"7/3 कम्बोज जोशी
अजमेर 353530",12.96601596871489,2026-03-20 05:01:35,video,completed,2026-02-21 20:38:05.221958
3d994abf-0bed-4efc-8e4a-5e914af6f490,129,1,हर्शल भटजी,"4 मधु महरा
जिलोंपर 401538",4.407989376567448,2026-03-22 07:33:05,in_person,completed,2026-02-21 20:38:05.221958
1cbd47af-1299-45d8-bbe9-75587ddc322c,129,10,Luc Guibert,"037 Stanley Crossroad Suite 005
Johnstad, AS 98984",14.097592143657453,2026-03-22 11:25:57,in_person,completed,2026-02-21 20:38:05.221958
3eabb030-68e8-43b3-8c2d-9564e7d5ee90,129,1,हर्शल भटजी,"4 मधु महरा
जिलोंपर 401538",7.033835418354223,2026-03-21 17:28:54,in_person,confirmed,2026-02-21 20:38:05.221958
330bc528-4066-442e-a8a6-da3d8c40bde6,130,8,Gabriel Dias,浙江省红县西峰六盘水街D座 674223,12.123354206789953,2026-03-08 15:21:57,in_person,pending,2026-02-21 20:38:05.221958
cf18cef1-37f4-4532-88c4-c49cd77e9f84,130,2,Sandra Hood,"7/3 कम्बोज जोशी
अजमेर 353530",12.10876524846058,2026-02-26 17:34:29,video,pending,2026-02-21 20:38:05.221958
1c12a6b4-e728-4a89-9977-76a7a561c050,130,5,Nicolai Kaul,"9, boulevard Ramos
09803 Lebreton-sur-Mer",5.718287265536153,2026-03-08 02:51:37,video,completed,2026-02-21 20:38:05.221958
c3a09eac-582f-466d-b8aa-8af27ded6e42,136,4,周亮,"39, chemin de Perrier
94753 Giraud-sur-Mer",2.0301048457838715,2026-02-23 03:58:34,video,pending,2026-02-21 20:38:05.221958
6a3d53d7-d844-4793-be27-46feed9de20c,136,4,周亮,"39, chemin de Perrier
94753 Giraud-sur-Mer",4.9695472821079765,2026-03-21 03:20:13,video,pending,2026-02-21 20:38:05.221958
35f70667-7b10-458b-a96e-dd8aa91268bc,136,1,हर्शल भटजी,"4 मधु महरा
जिलोंपर 401538",6.598484698391656,2026-03-15 09:39:33,video,pending,2026-02-21 20:38:05.221958
4e67ee46-2c00-4390-8a4a-68624c247a74,137,10,Luc Guibert,"037 Stanley Crossroad Suite 005
Johnstad, AS 98984",10.705028703123252,2026-02-24 11:17:29,in_person,completed,2026-02-21 20:38:05.221958
368efa52-3ebf-44cc-b620-406cb1fe7157,137,3,Allen Rodriguez,"164 अहलूवालिया
मोतिहारी-192955",3.0517084976187068,2026-02-28 15:31:09,in_person,confirmed,2026-02-21 20:38:05.221958
cc608946-992e-4d66-ac51-683e715d3975,137,3,Allen Rodriguez,"164 अहलूवालिया
मोतिहारी-192955",10.78684524171986,2026-03-16 19:38:52,video,pending,2026-02-21 20:38:05.221958
38df0dec-1ec4-4592-a1d1-f7798375b85f,152,6,Jenny Rovira Ferrando,"Heinz-Dieter-Dussen van-Ring 885
73852 München",9.129387947690276,2026-03-05 02:37:45,video,confirmed,2026-02-21 20:38:05.221958
80ac89ad-1816-4597-b96c-1d9dcd081d8b,152,3,Allen Rodriguez,"164 अहलूवालिया
मोतिहारी-192955",8.793788614246006,2026-03-21 07:06:33,in_person,pending,2026-02-21 20:38:05.221958
0b7d649c-9ee6-4fce-b885-c6d73014cd02,160,8,Gabriel Dias,浙江省红县西峰六盘水街D座 674223,10.79806780310976,2026-03-23 11:25:15,in_person,confirmed,2026-02-21 20:38:05.221958
f2052406-8436-40a1-8eb9-6c6cfef9c90a,163,5,Nicolai Kaul,"9, boulevard Ramos
09803 Lebreton-sur-Mer",2.3628938608097285,2026-03-07 15:21:05,in_person,pending,2026-02-21 20:38:05.221958
25a5b287-46a6-4686-bfd5-70b62e424e44,163,2,Sandra Hood,"7/3 कम्बोज जोशी
अजमेर 353530",1.8885639718436764,2026-03-05 19:38:49,video,pending,2026-02-21 20:38:05.221958
42eb84fb-c3eb-4d32-8ea1-bb3b6b88c006,168,3,Allen Rodriguez,"164 अहलूवालिया
मोतिहारी-192955",8.499932588741224,2026-03-13 05:16:36,in_person,pending,2026-02-21 20:38:05.221958
1677e2d3-2f06-40b1-b88d-911339c6ca6e,168,10,Luc Guibert,"037 Stanley Crossroad Suite 005
Johnstad, AS 98984",10.829516477745468,2026-03-05 18:31:29,in_person,completed,2026-02-21 20:38:05.221958
0e89de90-f982-4a05-9cdd-de7200139c77,168,6,Jenny Rovira Ferrando,"Heinz-Dieter-Dussen van-Ring 885
73852 München",10.479088017319263,2026-03-11 08:54:27,in_person,pending,2026-02-21 20:38:05.221958
7d150094-abcb-4f02-9bb4-42c685fc1c0b,171,8,Gabriel Dias,浙江省红县西峰六盘水街D座 674223,14.132622148961111,2026-03-20 00:36:13,video,pending,2026-02-21 20:38:05.221958
9d4e9dae-a37a-4782-9d26-5909ae03b93a,171,3,Allen Rodriguez,"164 अहलूवालिया
मोतिहारी-192955",11.464805934063577,2026-03-14 11:53:57,video,pending,2026-02-21 20:38:05.221958
cadd391a-5a8a-4db6-83e5-a1cbb881d61a,171,3,Allen Rodriguez,"164 अहलूवालिया
मोतिहारी-192955",6.4428793315038115,2026-02-28 09:38:35,video,confirmed,2026-02-21 20:38:05.221958
66c16435-6601-4840-b6bd-17ac5f7fe521,172,4,周亮,"39, chemin de Perrier
94753 Giraud-sur-Mer",5.366933746492144,2026-03-23 06:50:45,in_person,completed,2026-02-21 20:38:05.221958
e819e73b-9f3f-4d82-b364-c0d3fea80169,183,4,周亮,"39, chemin de Perrier
94753 Giraud-sur-Mer",14.575626540034264,2026-03-14 19:12:36,in_person,pending,2026-02-21 20:38:05.221958
4a7afe90-8e13-4204-b1d1-4a7b71f158e8,187,6,Jenny Rovira Ferrando,"Heinz-Dieter-Dussen van-Ring 885
73852 München",5.028155050391356,2026-03-17 11:20:56,in_person,confirmed,2026-02-21 20:38:05.221958
51c33fd7-f85a-414d-bf7d-abd458cdea40,191,9,Reimar Ruppersberger-Mielcarek,"6, boulevard Jacquet
97196 Leroux",0.6155111835146474,2026-03-10 04:37:38,in_person,confirmed,2026-02-21 20:38:05.221958
87e436d4-1001-4550-abdd-c4687a4bec4d,196,7,Marco Santos Guardiola Zabaleta,"Plaza de Macario Sanz 29 Piso 3 
Soria, 46410",6.404889349421464,2026-03-04 22:14:13,in_person,completed,2026-02-21 20:38:05.221958
f2f9566c-3b57-412e-8f53-75f81e89e87d,196,9,Reimar Ruppersberger-Mielcarek,"6, boulevard Jacquet
97196 Leroux",11.754859895117258,2026-03-08 19:47:46,video,pending,2026-02-21 20:38:05.221958
08557ce2-9cb8-4de0-8441-2c16d374528d,200,8,Gabriel Dias,浙江省红县西峰六盘水街D座 674223,12.280264282160172,2026-03-14 13:52:39,in_person,pending,2026-02-21 20:38:05.221958
1fc83644-9c08-44dc-b49c-397658fe4c07,200,10,Luc Guibert,"037 Stanley Crossroad Suite 005
Johnstad, AS 98984",3.2872613529529193,2026-03-18 13:45:09,in_person,confirmed,2026-02-21 20:38:05.221958
923eb59d-93f0-42f7-9a23-be1eb83d24ab,209,7,Marco Santos Guardiola Zabaleta,"Plaza de Macario Sanz 29 Piso 3 
Soria, 46410",11.24986694230074,2026-03-22 12:39:07,in_person,confirmed,2026-02-21 20:38:05.221958
3d73b0cc-9979-42ff-840e-b189d89e03da,210,6,Jenny Rovira Ferrando,"Heinz-Dieter-Dussen van-Ring 885
73852 München",2.330464745581734,2026-03-17 13:37:03,in_person,pending,2026-02-21 20:38:05.221958
281f4055-827e-4d14-b112-7459125e45d6,210,4,周亮,"39, chemin de Perrier
94753 Giraud-sur-Mer",11.078492936470692,2026-03-22 12:54:40,in_person,completed,2026-02-21 20:38:05.221958
f5bc2aab-f2d0-4400-891d-d8df63ba0614,211,3,Allen Rodriguez,"164 अहलूवालिया
मोतिहारी-192955",7.768719049938512,2026-03-08 23:00:21,video,pending,2026-02-21 20:38:05.221958
3889e09b-7b27-4237-b0ee-eb401802a7c4,216,6,Jenny Rovira Ferrando,"Heinz-Dieter-Dussen van-Ring 885
73852 München",12.792486823208838,2026-03-10 08:45:34,video,pending,2026-02-21 20:38:05.221958
50464286-7b2d-4da4-aa27-c8a8a08b0f0e,217,9,Reimar Ruppersberger-Mielcarek,"6, boulevard Jacquet
97196 Leroux",2.2214929465704287,2026-03-05 10:43:54,in_person,confirmed,2026-02-21 20:38:05.221958
7133b61e-de6f-4781-8f5e-8a41e5c837e6,217,7,Marco Santos Guardiola Zabaleta,"Plaza de Macario Sanz 29 Piso 3 
Soria, 46410",6.890800753745719,2026-03-11 20:56:55,in_person,confirmed,2026-02-21 20:38:05.221958
b4675c1c-93be-4b48-a3de-b27072a5c398,217,4,周亮,"39, chemin de Perrier
94753 Giraud-sur-Mer",4.424169258649226,2026-03-02 05:29:47,in_person,confirmed,2026-02-21 20:38:05.221958
5f67cde9-b0f0-4084-a386-2615fd24e980,219,2,Sandra Hood,"7/3 कम्बोज जोशी
अजमेर 353530",4.827621629899272,2026-03-04 12:36:49,in_person,confirmed,2026-02-21 20:38:05.221958
ebe64286-f28d-4993-bd22-b9025fc34164,219,1,हर्शल भटजी,"4 मधु महरा
जिलोंपर 401538",2.683504248398352,2026-03-19 20:17:22,video,confirmed,2026-02-21 20:38:05.221958
b1f03766-3747-4ea1-bdd4-e0ed726b63cb,231,2,Sandra Hood,"7/3 कम्बोज जोशी
अजमेर 353530",4.970005612560863,2026-03-06 02:57:25,video,pending,2026-02-21 20:38:05.221958
9bee889d-38f4-4ed3-93d5-5ba8d03db289,231,4,周亮,"39, chemin de Perrier
94753 Giraud-sur-Mer",13.751781394328715,2026-02-28 05:56:09,in_person,completed,2026-02-21 20:38:05.221958
4c8aa861-aeb2-41c6-b067-a234b10199ec,231,5,Nicolai Kaul,"9, boulevard Ramos
09803 Lebreton-sur-Mer",13.695762463773091,2026-02-28 10:37:28,in_person,completed,2026-02-21 20:38:05.221958
0a25cecf-8823-4ce3-9d52-d8200684e9bb,232,6,Jenny Rovira Ferrando,"Heinz-Dieter-Dussen van-Ring 885
73852 München",0.9320604247606052,2026-03-21 16:28:24,video,confirmed,2026-02-21 20:38:05.221958
c18a56b7-f474-442a-9c46-771bef7b9810,232,4,周亮,"39, chemin de Perrier
94753 Giraud-sur-Mer",6.287622930794565,2026-03-21 02:19:16,in_person,completed,2026-02-21 20:38:05.221958
3f6318b4-e6a3-4e7a-8bb7-4f00d21c30d8,232,3,Allen Rodriguez,"164 अहलूवालिया
मोतिहारी-192955",1.7821654798725992,2026-03-07 19:06:55,video,pending,2026-02-21 20:38:05.221958
2089989b-c9e6-4231-a808-0802e6500cae,240,9,Reimar Ruppersberger-Mielcarek,"6, boulevard Jacquet
97196 Leroux",8.584701962598634,2026-03-23 13:25:43,video,confirmed,2026-02-21 20:38:05.221958
9ec56e95-22e6-4750-b03d-bfa013ca02a0,240,8,Gabriel Dias,浙江省红县西峰六盘水街D座 674223,5.614348618432344,2026-03-19 11:11:42,video,completed,2026-02-21 20:38:05.221958
1101b00b-6b5c-4d3c-8ecd-e26f298bd5ae,240,2,Sandra Hood,"7/3 कम्बोज जोशी
अजमेर 353530",10.363033944390615,2026-02-27 11:06:32,video,completed,2026-02-21 20:38:05.221958
502ec841-1a1a-48ba-b0b6-f2633e8ba9eb,245,5,Nicolai Kaul,"9, boulevard Ramos
09803 Lebreton-sur-Mer",6.831812499633541,2026-03-17 21:59:12,video,completed,2026-02-21 20:38:05.221958
a16d7b60-711c-495c-be57-f6e245cc597d,245,7,Marco Santos Guardiola Zabaleta,"Plaza de Macario Sanz 29 Piso 3 
Soria, 46410",13.158311516629745,2026-03-02 18:58:38,video,pending,2026-02-21 20:38:05.221958
a12ad911-433d-43a2-aa93-51a57ddf33e1,245,6,Jenny Rovira Ferrando,"Heinz-Dieter-Dussen van-Ring 885
73852 München",14.492646855387186,2026-03-18 05:21:10,in_person,completed,2026-02-21 20:38:05.221958
fae5c895-ae13-4710-8dc5-542ae443ac5a,254,5,Nicolai Kaul,"9, boulevard Ramos
09803 Lebreton-sur-Mer",3.127094198850963,2026-03-19 14:20:33,video,pending,2026-02-21 20:38:05.221958
54d382aa-1209-4584-88ff-55c875fe3fea,254,6,Jenny Rovira Ferrando,"Heinz-Dieter-Dussen van-Ring 885
73852 München",4.5488996181218,2026-03-15 04:10:10,video,pending,2026-02-21 20:38:05.221958
9b1011e1-b55f-4512-8b80-eb2d8cda75f9,272,7,Marco Santos Guardiola Zabaleta,"Plaza de Macario Sanz 29 Piso 3 
Soria, 46410",11.082214106505534,2026-03-01 15:21:06,in_person,completed,2026-02-21 20:38:05.221958
004b52c0-2590-4caa-a880-6869f6be7250,272,1,हर्शल भटजी,"4 मधु महरा
जिलोंपर 401538",11.209037883559619,2026-02-22 22:19:02,video,pending,2026-02-21 20:38:05.221958
fc8ead16-ae57-41b0-8d43-5e922189c043,272,8,Gabriel Dias,浙江省红县西峰六盘水街D座 674223,9.863275171946055,2026-03-08 07:51:01,in_person,pending,2026-02-21 20:38:05.221958
62b40b28-99b3-41e2-9eba-bdfca6b10108,274,7,Marco Santos Guardiola Zabaleta,"Plaza de Macario Sanz 29 Piso 3 
Soria, 46410",11.716306243996266,2026-02-24 07:37:52,in_person,completed,2026-02-21 20:38:05.221958
1f879b92-fc2e-40cf-8ce5-a6c93a5a4448,274,6,Jenny Rovira Ferrando,"Heinz-Dieter-Dussen van-Ring 885
73852 München",6.559744699437165,2026-03-08 06:42:04,video,pending,2026-02-21 20:38:05.221958
ec7a3e16-6854-42a4-b42f-3a11de8e7dbf,277,5,Nicolai Kaul,"9, boulevard Ramos
09803 Lebreton-sur-Mer",2.5630985914187017,2026-03-08 15:19:41,in_person,completed,2026-02-21 20:38:05.221958
e2f03246-f3b0-422e-a0d4-2f2c81a2ed97,277,5,Nicolai Kaul,"9, boulevard Ramos
09803 Lebreton-sur-Mer",14.250467367814904,2026-02-25 08:18:39,in_person,completed,2026-02-21 20:38:05.221958
79f0a431-d1c6-4d79-aff5-9a9438420d77,277,9,Reimar Ruppersberger-Mielcarek,"6, boulevard Jacquet
97196 Leroux",1.455698122591418,2026-03-03 21:03:49,in_person,completed,2026-02-21 20:38:05.221958
637fb5fc-6fe7-44b4-a6f1-6c1ae8ccd0ad,278,10,Luc Guibert,"037 Stanley Crossroad Suite 005
Johnstad, AS 98984",5.166960641004932,2026-03-17 23:29:53,in_person,confirmed,2026-02-21 20:38:05.221958
28047f9f-390e-4dcb-91ca-957e75dcb477,282,8,Gabriel Dias,浙江省红县西峰六盘水街D座 674223,9.164331227239293,2026-03-17 08:58:49,in_person,completed,2026-02-21 20:38:05.221958
e3b13b8a-e0be-4741-8235-2db840175fae,282,9,Reimar Ruppersberger-Mielcarek,"6, boulevard Jacquet
97196 Leroux",13.686575351827628,2026-03-03 07:01:22,video,completed,2026-02-21 20:38:05.221958
7b1e5070-e31e-4664-8bf6-8379098af5f5,284,4,周亮,"39, chemin de Perrier
94753 Giraud-sur-Mer",12.699922886531299,2026-03-08 07:41:49,video,confirmed,2026-02-21 20:38:05.221958
5d457c0e-2083-4d51-8c2e-cc02f90a0e22,285,5,Nicolai Kaul,"9, boulevard Ramos
09803 Lebreton-sur-Mer",0.7158122075031743,2026-03-21 03:36:17,in_person,pending,2026-02-21 20:38:05.221958
e56fef59-06e5-40f0-a2c4-811b92a2b498,290,9,Reimar Ruppersberger-Mielcarek,"6, boulevard Jacquet
97196 Leroux",13.395690829783181,2026-03-01 19:30:07,in_person,confirmed,2026-02-21 20:38:05.221958
74df5b15-c3cb-4e35-b57a-bb4548632a4d,290,10,Luc Guibert,"037 Stanley Crossroad Suite 005
Johnstad, AS 98984",10.93116720853516,2026-03-19 07:09:47,in_person,confirmed,2026-02-21 20:38:05.221958
9f6e338e-d26c-444c-89ef-989a20d06ca9,291,10,Luc Guibert,"037 Stanley Crossroad Suite 005
Johnstad, AS 98984",5.9392211947060165,2026-03-22 15:14:57,in_person,completed,2026-02-21 20:38:05.221958
8ae7e50e-aa82-46d6-8edd-0d772d1dcdd8,291,4,周亮,"39, chemin de Perrier
94753 Giraud-sur-Mer",7.4755363667323245,2026-03-17 20:45:32,video,completed,2026-02-21 20:38:05.221958
ff96cb86-40ca-44fa-b6ae-e94e40bc66ba,291,5,Nicolai Kaul,"9, boulevard Ramos
09803 Lebreton-sur-Mer",5.16596324507987,2026-02-28 22:49:06,video,completed,2026-02-21 20:38:05.221958
d9fc79ce-2f93-48a9-b150-01b95bcbd4c5,296,1,हर्शल भटजी,"4 मधु महरा
जिलोंपर 401538",11.835326455220292,2026-03-03 08:04:01,video,pending,2026-02-21 20:38:05.221958
968e9e38-cfa0-4470-a5d0-6afb5eee4965,298,3,Allen Rodriguez,"164 अहलूवालिया
मोतिहारी-192955",13.774490060921785,2026-03-11 10:55:35,in_person,pending,2026-02-21 20:38:05.221958
ca2f27c6-1c14-4659-97c7-31f2547bbb5d,301,3,Allen Rodriguez,"164 अहलूवालिया
मोतिहारी-192955",2.6047894033604013,2026-03-14 07:37:11,in_person,completed,2026-02-21 20:38:05.221958
1a02221a-3499-464e-b917-35acb1741509,301,9,Reimar Ruppersberger-Mielcarek,"6, boulevard Jacquet
97196 Leroux",6.763343528220342,2026-02-24 19:35:25,in_person,completed,2026-02-21 20:38:05.221958
e20bea36-1f24-4762-beb2-77737e102d15,301,10,Luc Guibert,"037 Stanley Crossroad Suite 005
Johnstad, AS 98984",5.319026315578206,2026-03-05 17:40:57,in_person,confirmed,2026-02-21 20:38:05.221958
e610a58d-c84c-46b5-9b36-caf61ef2dfb2,304,1,हर्शल भटजी,"4 मधु महरा
जिलोंपर 401538",5.44735873170678,2026-03-13 21:04:21,video,confirmed,2026-02-21 20:38:05.221958
7bfdfe6b-feea-4076-be63-7ff4346ec702,304,4,周亮,"39, chemin de Perrier
94753 Giraud-sur-Mer",4.61794833247342,2026-03-07 10:05:57,in_person,completed,2026-02-21 20:38:05.221958
79996ecb-d05b-4e5a-a035-7a646b0b3d82,307,1,हर्शल भटजी,"4 मधु महरा
जिलोंपर 401538",14.553938273312253,2026-03-20 22:36:53,in_person,pending,2026-02-21 20:38:05.221958
32784531-c45d-406c-8e62-a652c30487b3,307,5,Nicolai Kaul,"9, boulevard Ramos
09803 Lebreton-sur-Mer",2.8183156946078913,2026-03-23 16:18:11,video,pending,2026-02-21 20:38:05.221958
bb8baa69-ece0-436e-98bb-311e9b5961eb,307,9,Reimar Ruppersberger-Mielcarek,"6, boulevard Jacquet
97196 Leroux",1.724849354891371,2026-02-24 22:52:42,in_person,completed,2026-02-21 20:38:05.221958
04d7bd09-0ae6-4576-b08a-bfbbc162cc8c,314,1,हर्शल भटजी,"4 मधु महरा
जिलोंपर 401538",6.16977761512538,2026-02-28 09:51:49,video,pending,2026-02-21 20:38:05.221958
57582acd-eb4e-43af-9bf3-8a0c046c6033,314,9,Reimar Ruppersberger-Mielcarek,"6, boulevard Jacquet
97196 Leroux",12.134272906599788,2026-03-23 08:42:28,video,completed,2026-02-21 20:38:05.221958
23af01d8-f410-40e2-818f-ed417269b06a,314,9,Reimar Ruppersberger-Mielcarek,"6, boulevard Jacquet
97196 Leroux",1.4703830093731345,2026-02-25 21:17:47,video,confirmed,2026-02-21 20:38:05.221958
c54f83bf-724c-43bb-b34e-7c8cc77dbf14,317,10,Luc Guibert,"037 Stanley Crossroad Suite 005
Johnstad, AS 98984",12.53314869632893,2026-03-17 05:20:11,in_person,confirmed,2026-02-21 20:38:05.221958
f8de920a-5bb8-4d9c-bfd0-7a2c8276de49,321,1,हर्शल भटजी,"4 मधु महरा
जिलोंपर 401538",6.454897861619117,2026-03-05 09:43:24,video,completed,2026-02-21 20:38:05.221958
c8a17624-62f0-4afa-80ba-9c21e32cb569,321,6,Jenny Rovira Ferrando,"Heinz-Dieter-Dussen van-Ring 885
73852 München",8.33409142379882,2026-03-17 22:19:27,video,confirmed,2026-02-21 20:38:05.221958
7c998851-71fc-42d3-bc3d-805c458e63b1,321,4,周亮,"39, chemin de Perrier
94753 Giraud-sur-Mer",9.261341272289977,2026-03-12 20:41:16,video,completed,2026-02-21 20:38:05.221958
d9594c9b-df65-4b65-ae37-2ae7ba3a487b,330,9,Reimar Ruppersberger-Mielcarek,"6, boulevard Jacquet
97196 Leroux",2.324397953415609,2026-03-14 15:22:35,in_person,pending,2026-02-21 20:38:05.221958
414fad27-cf58-4e0b-ab18-f3ad09949877,330,8,Gabriel Dias,浙江省红县西峰六盘水街D座 674223,9.492795220374958,2026-03-15 04:55:03,video,pending,2026-02-21 20:38:05.221958
7c02505b-f078-4836-961b-c1061cc79da4,335,9,Reimar Ruppersberger-Mielcarek,"6, boulevard Jacquet
97196 Leroux",14.224466798012816,2026-03-10 00:54:45,in_person,confirmed,2026-02-21 20:38:05.221958
b69ecb17-8754-4769-9198-dec8ffb6ea14,335,2,Sandra Hood,"7/3 कम्बोज जोशी
अजमेर 353530",9.058869553848357,2026-02-26 03:38:20,in_person,completed,2026-02-21 20:38:05.221958
f94de033-b0e1-48c7-8e64-1fd2381a7184,335,1,हर्शल भटजी,"4 मधु महरा
जिलोंपर 401538",7.164726103762519,2026-02-24 20:37:51,video,pending,2026-02-21 20:38:05.221958
aceb085f-1037-461b-b21f-a2c28bd0b792,339,1,हर्शल भटजी,"4 मधु महरा
जिलोंपर 401538",0.9853977573436206,2026-03-19 14:46:58,video,completed,2026-02-21 20:38:05.221958
25e61175-7c1d-4ae9-8b54-7a897186d14a,344,5,Nicolai Kaul,"9, boulevard Ramos
09803 Lebreton-sur-Mer",2.062834636751095,2026-03-04 09:37:32,video,pending,2026-02-21 20:38:05.221958
9e60b34b-4647-45b3-8154-74f8e46510ee,344,7,Marco Santos Guardiola Zabaleta,"Plaza de Macario Sanz 29 Piso 3 
Soria, 46410",13.260418955054647,2026-03-03 05:35:34,video,confirmed,2026-02-21 20:38:05.221958
31f2dea7-3377-44cf-ad20-2da96261ee86,344,10,Luc Guibert,"037 Stanley Crossroad Suite 005
Johnstad, AS 98984",9.921107351447944,2026-03-01 13:25:02,video,completed,2026-02-21 20:38:05.221958
b2ffc36b-b1e4-406c-86fe-42b77fe03615,349,10,Luc Guibert,"037 Stanley Crossroad Suite 005
Johnstad, AS 98984",6.513320151324267,2026-03-21 07:11:42,in_person,confirmed,2026-02-21 20:38:05.221958
2d8e39fd-a836-49ce-9419-da989528263a,352,8,Gabriel Dias,浙江省红县西峰六盘水街D座 674223,14.890568019040446,2026-03-09 18:42:17,video,pending,2026-02-21 20:38:05.221958
b81c73bf-cc27-4fdd-8ebe-a453cb4d6aea,352,3,Allen Rodriguez,"164 अहलूवालिया
मोतिहारी-192955",9.246232213520722,2026-03-09 12:53:55,video,completed,2026-02-21 20:38:05.221958
4def6803-df7f-4ff1-9f03-cc2d9981a7af,352,2,Sandra Hood,"7/3 कम्बोज जोशी
अजमेर 353530",10.173896490752668,2026-02-27 02:42:37,in_person,confirmed,2026-02-21 20:38:05.221958
20575692-fa80-4e8a-b425-be1640aee279,355,7,Marco Santos Guardiola Zabaleta,"Plaza de Macario Sanz 29 Piso 3 
Soria, 46410",7.05184079442795,2026-02-28 09:53:11,in_person,pending,2026-02-21 20:38:05.221958
8717323c-c114-4001-8bfb-66e406073abb,359,1,हर्शल भटजी,"4 मधु महरा
जिलोंपर 401538",9.149126517509794,2026-03-04 08:01:29,video,completed,2026-02-21 20:38:05.221958
98bda224-3120-4dee-88a0-2c22f5fb6179,359,2,Sandra Hood,"7/3 कम्बोज जोशी
अजमेर 353530",12.34963546728126,2026-03-02 21:48:11,in_person,completed,2026-02-21 20:38:05.221958
086866fc-94de-4f60-91c9-bc31e0492c84,359,3,Allen Rodriguez,"164 अहलूवालिया
मोतिहारी-192955",2.7782793758755533,2026-02-28 11:58:47,video,pending,2026-02-21 20:38:05.221958
cfdb22d9-292e-40b6-8672-7b7cd28a4f39,360,7,Marco Santos Guardiola Zabaleta,"Plaza de Macario Sanz 29 Piso 3 
Soria, 46410",3.515704440558863,2026-03-21 17:47:43,video,pending,2026-02-21 20:38:05.221958
491cbe21-fe3b-48d7-ac05-9dac65121550,361,4,周亮,"39, chemin de Perrier
94753 Giraud-sur-Mer",9.517819015726571,2026-02-24 19:30:41,video,completed,2026-02-21 20:38:05.221958
94a1458e-8843-450f-8f26-470bfcd75b5f,361,10,Luc Guibert,"037 Stanley Crossroad Suite 005
Johnstad, AS 98984",8.68946994978312,2026-03-06 05:04:11,in_person,confirmed,2026-02-21 20:38:05.221958
a8bb2fd0-8507-4ab1-9095-f39fa073e2cd,361,5,Nicolai Kaul,"9, boulevard Ramos
09803 Lebreton-sur-Mer",13.046224451672558,2026-03-02 14:05:13,in_person,confirmed,2026-02-21 20:38:05.221958
a6e5ea1d-52c0-4502-8e4c-25e3b7766679,362,7,Marco Santos Guardiola Zabaleta,"Plaza de Macario Sanz 29 Piso 3 
Soria, 46410",10.807675991979094,2026-03-21 05:24:46,video,completed,2026-02-21 20:38:05.221958
6c69cc23-a1df-472b-b324-d2158b09e664,363,10,Luc Guibert,"037 Stanley Crossroad Suite 005
Johnstad, AS 98984",3.5512633527584447,2026-03-02 06:12:54,in_person,confirmed,2026-02-21 20:38:05.221958
557f802f-4b3d-481c-b2d3-d5e5e246de3a,374,1,हर्शल भटजी,"4 मधु महरा
जिलोंपर 401538",8.805737846072441,2026-03-01 07:31:21,video,pending,2026-02-21 20:38:05.221958
31af66af-3aa6-4a9d-86d1-d8485832094e,376,10,Luc Guibert,"037 Stanley Crossroad Suite 005
Johnstad, AS 98984",7.760385862282345,2026-03-21 19:06:08,video,confirmed,2026-02-21 20:38:05.221958
9de1ea8b-38d3-46aa-97ac-3725f9746216,377,8,Gabriel Dias,浙江省红县西峰六盘水街D座 674223,6.2386841193151685,2026-03-19 11:40:44,video,completed,2026-02-21 20:38:05.221958
e18d9b20-2cf2-4628-ae61-024a19f098d1,377,7,Marco Santos Guardiola Zabaleta,"Plaza de Macario Sanz 29 Piso 3 
Soria, 46410",13.092425698846599,2026-03-20 14:57:30,in_person,confirmed,2026-02-21 20:38:05.221958
900ce8a5-2087-4a4d-a6e1-7ee8f8981655,379,9,Reimar Ruppersberger-Mielcarek,"6, boulevard Jacquet
97196 Leroux",11.489743941412566,2026-03-07 18:31:53,in_person,confirmed,2026-02-21 20:38:05.221958
dc8d5f0a-dda4-4954-a248-913f1b5a62a1,379,6,Jenny Rovira Ferrando,"Heinz-Dieter-Dussen van-Ring 885
73852 München",10.754774511339129,2026-03-13 12:59:27,in_person,confirmed,2026-02-21 20:38:05.221958
78296b42-98f4-4a1a-b0fc-39ec16f189e1,379,1,हर्शल भटजी,"4 मधु महरा
जिलोंपर 401538",5.4880341445708405,2026-03-01 16:08:03,in_person,completed,2026-02-21 20:38:05.221958
deea2285-ee4d-408a-8007-244ef2636a91,381,6,Jenny Rovira Ferrando,"Heinz-Dieter-Dussen van-Ring 885
73852 München",7.875290335750126,2026-02-28 05:50:04,video,completed,2026-02-21 20:38:05.221958
6c1b2163-7868-4d11-8668-1544224a0e00,381,6,Jenny Rovira Ferrando,"Heinz-Dieter-Dussen van-Ring 885
73852 München",7.046838818990735,2026-02-26 00:58:13,in_person,completed,2026-02-21 20:38:05.221958
6528218c-401f-41f1-b297-9999275a7566,383,10,Luc Guibert,"037 Stanley Crossroad Suite 005
Johnstad, AS 98984",10.582242944413931,2026-02-24 13:17:15,video,confirmed,2026-02-21 20:38:05.221958
e014d136-d3fb-453a-89e3-56daca8aa681,383,1,हर्शल भटजी,"4 मधु महरा
जिलोंपर 401538",1.188689017029076,2026-03-15 13:22:47,video,confirmed,2026-02-21 20:38:05.221958
4f9135b1-6607-4eaf-a664-f527b85edbdd,383,9,Reimar Ruppersberger-Mielcarek,"6, boulevard Jacquet
97196 Leroux",12.038357683042383,2026-02-26 22:41:31,video,pending,2026-02-21 20:38:05.221958
c614def8-c8f4-47c6-be2f-2118ae0c0eed,385,6,Jenny Rovira Ferrando,"Heinz-Dieter-Dussen van-Ring 885
73852 München",11.310493196166084,2026-03-01 17:59:22,in_person,confirmed,2026-02-21 20:38:05.221958
4bbda6e6-e062-4eb7-b447-6435490b44e7,393,7,Marco Santos Guardiola Zabaleta,"Plaza de Macario Sanz 29 Piso 3 
Soria, 46410",5.2422452886637085,2026-02-26 11:41:12,in_person,pending,2026-02-21 20:38:05.221958
a84f6209-b39c-48e7-8ce0-d4f8e8eccfc7,393,5,Nicolai Kaul,"9, boulevard Ramos
09803 Lebreton-sur-Mer",12.715988511292247,2026-03-21 20:33:49,video,completed,2026-02-21 20:38:05.221958
bb3a16cc-2a54-4e5f-aa41-ff58f08e1c27,393,1,हर्शल भटजी,"4 मधु महरा
जिलोंपर 401538",14.73049606884232,2026-03-06 20:46:01,video,completed,2026-02-21 20:38:05.221958
bfe44325-de24-4a5b-b22d-ed3daac7823c,394,5,Nicolai Kaul,"9, boulevard Ramos
09803 Lebreton-sur-Mer",8.304967846793652,2026-02-28 04:46:06,in_person,completed,2026-02-21 20:38:05.221958
f9ba3b10-1817-44c8-8fe7-68a4f5368b1e,394,2,Sandra Hood,"7/3 कम्बोज जोशी
अजमेर 353530",14.391245377520459,2026-03-04 09:30:34,video,pending,2026-02-21 20:38:05.221958
